area,rooms,floor,total_floors,minutes_to_metro,floor_ratio,is_first_floor,is_last_floor,is_studio,log_area,metro_station,renovation
20.0,0.0,1.0,9,11.0,0.1111111111111111,1,0,1,3.044522437723423,Люблино,Without renovation
294.0,5.0,3.0,6,13.0,0.5,0,0,0,5.68697535633982,Фрунзенская,Designer
150.0,5.0,7.0,7,6.0,1.0,0,1,0,5.017279836814924,Марьина Роща,Without renovation
77.2,2.0,2.0,8,1.0,0.25,0,0,0,4.359269647551265,Сухаревская,Designer
107.0,5.0,4.0,5,10.0,0.8,0,0,0,4.68213122712422,Кропоткинская,Cosmetic
43.4,1.0,8.0,12,13.0,0.6666666666666666,0,0,0,3.7932394694381792,Свиблово,Cosmetic
62.1,4.0,4.0,9,23.0,0.4444444444444444,0,0,0,4.144720769547168,Пражская,Cosmetic
53.0,2.0,10.0,24,11.0,0.4166666666666667,0,0,0,3.9889840465642745,Смоленская,Designer
40.0,1.0,13.0,22,7.0,0.5909090909090909,0,0,0,3.713572066704308,Спартак,Without renovation
39.0,1.0,19.0,22,16.0,0.8636363636363636,0,0,0,3.688879454113936,Давыдково,Cosmetic
91.0,3.0,7.0,7,7.0,1.0,0,1,0,4.5217885770490405,Смоленская,Designer
226.2,5.0,7.0,10,16.0,0.7,0,0,0,5.4258306868469965,Молодежная,European-style renovation
144.7,4.0,17.0,32,6.0,0.53125,0,0,0,4.981549713201159,ЦСКА,Designer
375.0,6.0,13.0,25,24.0,0.52,0,0,0,5.929589143389895,Народное Ополчение,Designer
12.5,1.0,1.0,5,5.0,0.2,1,0,0,2.602689685444384,Волжская,Cosmetic
56.1,3.0,9.0,9,19.0,1.0,0,1,0,4.044804116661965,Балтийская,Without renovation
17.9,6.0,10.0,19,1.0,0.5263157894736842,0,0,0,2.9391619220655967,Академическая,Cosmetic
38.3,1.0,1.0,15,6.0,0.0666666666666666,1,0,0,3.6712245188752153,Филатов Луг,European-style renovation
35.0,1.0,13.0,26,10.0,0.5,0,0,0,3.58351893845611,Лесопарковая,Cosmetic
89.8,2.0,6.0,7,7.0,0.8571428571428571,0,0,0,4.508659285607248,Панфиловская,European-style renovation
95.0,4.0,5.0,6,4.0,0.8333333333333334,0,0,0,4.564348191467836,Смоленская,Designer
40.0,2.0,6.0,9,19.0,0.6666666666666666,0,0,0,3.713572066704308,Первомайская,Designer
55.6,2.0,5.0,22,9.0,0.2272727272727272,0,0,0,4.036008985209137,Марьино,Cosmetic
50.0,1.0,12.0,21,15.0,0.5714285714285714,0,0,0,3.9318256327243257,Раменки,Designer
38.0,1.0,6.0,17,21.0,0.3529411764705882,0,0,0,3.6635616461296463,Царицыно,Cosmetic
38.4,2.0,6.0,12,9.0,0.5,0,0,0,3.673765816303888,Фонвизинская,Cosmetic
40.0,1.0,15.0,24,7.0,0.625,0,0,0,3.713572066704308,Славянский бульвар,Cosmetic
80.4,3.0,4.0,9,6.0,0.4444444444444444,0,0,0,4.399375273008495,Сокол,European-style renovation
99.6,4.0,25.0,28,17.0,0.8928571428571429,0,0,0,4.611152257665639,Павелецкая,Without renovation
115.0,4.0,16.0,29,20.0,0.5517241379310345,0,0,0,4.7535901911063645,Автозаводская,Without renovation
34.7,1.0,2.0,12,10.0,0.1666666666666666,0,0,0,3.5751506887855933,Депо,Cosmetic
41.2,1.0,11.0,25,10.0,0.44,0,0,0,3.742420221041966,Гражданская,European-style renovation
218.0,5.0,4.0,4,8.0,1.0,0,1,0,5.389071729816501,Курская,Without renovation
63.0,6.0,4.0,19,5.0,0.2105263157894736,0,0,0,4.158883083359672,Трикотажная,European-style renovation
36.0,1.0,15.0,17,8.0,0.8823529411764706,0,0,0,3.610917912644224,ВДНХ,European-style renovation
260.0,5.0,38.0,44,5.0,0.8636363636363636,0,0,0,5.564520407322694,Беговая,Designer
37.6,2.0,16.0,36,22.0,0.4444444444444444,0,0,0,3.653252276470785,Шелепиха,Without renovation
115.0,5.0,2.0,7,6.0,0.2857142857142857,0,0,0,4.7535901911063645,Тверская,European-style renovation
37.5,1.0,5.0,17,13.0,0.2941176470588235,0,0,0,3.6506582412937383,Яхромская,Cosmetic
50.0,2.0,18.0,25,17.0,0.72,0,0,0,3.9318256327243257,Павшино,Cosmetic
31.5,1.0,11.0,31,11.0,0.3548387096774194,0,0,0,3.481240089335692,Курьяново,Without renovation
86.5,4.0,35.0,45,13.0,0.7777777777777778,0,0,0,4.471638793363569,Мичуринский проспект,European-style renovation
35.4,1.0,5.0,17,15.0,0.2941176470588235,0,0,0,3.594568774642695,Бульвар Дмитрия Донского,European-style renovation
17.5,0.0,3.0,5,11.0,0.6,0,0,1,2.917770732084279,Сокол,European-style renovation
54.0,2.0,2.0,16,26.0,0.125,0,0,0,4.007333185232471,Ясенево,Cosmetic
47.6,2.0,7.0,18,6.0,0.3888888888888889,0,0,0,3.883623530906448,Панфиловская,European-style renovation
23.8,6.0,7.0,17,8.0,0.4117647058823529,0,0,0,3.210843653170937,Бульвар Адмирала Ушакова,Cosmetic
57.1,3.0,4.0,12,18.0,0.3333333333333333,0,0,0,4.062165663857866,Щелковская,European-style renovation
67.3,2.0,9.0,16,18.0,0.5625,0,0,0,4.223909766576744,ЗИЛ,Without renovation
55.4,3.0,4.0,11,11.0,0.3636363636363636,0,0,0,4.032469158504013,Крымская,Cosmetic
79.0,3.0,9.0,14,10.0,0.6428571428571429,0,0,0,4.382026634673881,Новокосино,Without renovation
50.0,2.0,4.0,8,18.0,0.5,0,0,0,3.9318256327243257,Ольховая,Without renovation
225.0,4.0,5.0,20,16.0,0.25,0,0,0,5.420534999272286,Белорусская,Without renovation
16.0,0.0,3.0,5,15.0,0.6,0,0,1,2.833213344056216,Окская,European-style renovation
39.0,1.0,2.0,9,15.0,0.2222222222222222,0,0,0,3.688879454113936,Минская,European-style renovation
220.0,5.0,2.0,6,6.0,0.3333333333333333,0,0,0,5.3981627015177525,Кропоткинская,European-style renovation
200.0,4.0,28.0,30,4.0,0.9333333333333332,0,0,0,5.303304908059076,Новаторская,European-style renovation
82.0,2.0,6.0,31,20.0,0.1935483870967742,0,0,0,4.418840607796598,Славянский бульвар,Designer
22.6,6.0,4.0,11,14.0,0.3636363636363636,0,0,0,3.1612467120315646,Электрозаводская,Cosmetic
21.1,0.0,1.0,4,12.0,0.25,1,0,1,3.095577608523707,Преображенская площадь,Designer
18.8,0.0,7.0,9,13.0,0.7777777777777778,0,0,1,2.9856819377004897,Зеленоград — Крюково,European-style renovation
49.3,1.0,2.0,11,9.0,0.1818181818181818,0,0,0,3.918005077105693,Полянка,Designer
39.1,1.0,7.0,13,29.0,0.5384615384615384,0,0,0,3.691376334312523,Ольховая,Without renovation
33.5,1.0,20.0,24,15.0,0.8333333333333334,0,0,0,3.5409593240373143,Коммунарка,Cosmetic
107.7,3.0,3.0,5,4.0,0.6,0,0,0,4.688591794127164,Новослободская,Designer
14.8,0.0,1.0,9,10.0,0.1111111111111111,1,0,1,2.760009940032921,Юго-Восточная,Cosmetic
43.0,1.0,6.0,14,14.0,0.4285714285714285,0,0,0,3.784189633918261,Новокосино,European-style renovation
61.4,2.0,24.0,24,24.0,1.0,0,1,0,4.133565275375382,Лухмановская,Cosmetic
46.0,1.0,9.0,29,21.0,0.3103448275862069,0,0,0,3.8501476017100575,Автозаводская,Without renovation
25.4,0.0,8.0,22,26.0,0.3636363636363636,0,0,1,3.2733640101522705,Саларьево,Without renovation
50.0,3.0,8.0,9,12.0,0.8888888888888888,0,0,0,3.9318256327243257,Бабушкинская,European-style renovation
58.4,3.0,6.0,9,3.0,0.6666666666666666,0,0,0,4.084294226368599,Медведково,Cosmetic
39.0,1.0,8.0,8,29.0,1.0,0,1,0,3.688879454113936,Люблино,Cosmetic
26.1,0.0,7.0,8,8.0,0.875,0,0,1,3.299533727885655,Калитники,Designer
96.0,4.0,5.0,5,9.0,1.0,0,1,0,4.574710978503383,Тверская,Designer
75.0,3.0,16.0,17,7.0,0.9411764705882352,0,0,0,4.330733340286331,Раменки,Cosmetic
67.1,3.0,12.0,12,17.0,1.0,0,1,0,4.220977213155467,Бабушкинская,European-style renovation
147.0,5.0,3.0,13,16.0,0.2307692307692307,0,0,0,4.997212273764115,Бескудниково,European-style renovation
24.0,0.0,5.0,21,20.0,0.238095238095238,0,0,1,3.218875824868201,Рижская,European-style renovation
62.5,4.0,1.0,9,28.0,0.1111111111111111,1,0,0,4.151039905898646,Бабушкинская,Cosmetic
22.8,0.0,4.0,9,25.0,0.4444444444444444,0,0,1,3.169685580677429,Внуково,Cosmetic
35.1,1.0,1.0,3,25.0,0.3333333333333333,1,0,0,3.586292865338835,Бунинская Аллея,Cosmetic
90.0,4.0,10.0,15,21.0,0.6666666666666666,0,0,0,4.51085950651685,Мякинино,European-style renovation
118.0,4.0,5.0,5,5.0,1.0,0,1,0,4.77912349311153,Серпуховская,Designer
54.3,2.0,7.0,15,12.0,0.4666666666666667,0,0,0,4.012772908528289,Коммунарка,Without renovation
120.3,3.0,2.0,7,6.0,0.2857142857142857,0,0,0,4.798266815950004,Театральная,European-style renovation
35.6,1.0,3.0,7,8.0,0.4285714285714285,0,0,0,3.6000482404073204,Бунинская Аллея,Cosmetic
47.6,2.0,12.0,12,13.0,1.0,0,1,0,3.883623530906448,Яхромская,Cosmetic
24.0,0.0,2.0,18,18.0,0.1111111111111111,0,0,1,3.218875824868201,Некрасовка,Cosmetic
42.7,2.0,7.0,42,18.0,0.1666666666666666,0,0,0,3.777348102101545,Крымская,European-style renovation
34.7,1.0,2.0,14,26.0,0.1428571428571428,0,0,0,3.5751506887855933,Коммунарка,Without renovation
125.8,5.0,3.0,16,8.0,0.1875,0,0,0,4.842611042003125,Бульвар Адмирала Ушакова,European-style renovation
119.8,3.0,16.0,57,9.0,0.2807017543859649,0,0,0,4.794136285500715,Аэропорт,Designer
32.0,1.0,6.0,19,21.0,0.3157894736842105,0,0,0,3.49650756146648,Некрасовка,Cosmetic
192.0,4.0,7.0,8,3.0,0.875,0,0,0,5.262690188904886,Полянка,European-style renovation
105.0,4.0,20.0,21,8.0,0.9523809523809524,0,0,0,4.663439094112067,Динамо,Without renovation
185.0,5.0,7.0,7,8.0,1.0,0,1,0,5.225746673713202,Смоленская,Without renovation
109.8,3.0,7.0,8,9.0,0.875,0,0,0,4.707726774313183,Студенческая,Designer
14.0,0.0,1.0,5,17.0,0.2,1,0,1,2.70805020110221,Преображенская площадь,European-style renovation
279.0,5.0,3.0,10,9.0,0.3,0,0,0,5.634789603169249,Курская,Without renovation
114.4,2.0,4.0,6,5.0,0.6666666666666666,0,0,0,4.748404354073999,Арбатская,Designer
54.0,2.0,4.0,16,3.0,0.25,0,0,0,4.007333185232471,Бабушкинская,European-style renovation
72.5,3.0,4.0,20,14.0,0.2,0,0,0,4.297285406218791,Пыхтино,European-style renovation
86.7,3.0,20.0,25,19.0,0.8,0,0,0,4.473921899378137,Некрасовка,Cosmetic
52.3,2.0,21.0,22,7.0,0.9545454545454546,0,0,0,3.975936331171799,Спартак,Designer
22.2,0.0,1.0,7,14.0,0.1428571428571428,1,0,1,3.1441522786722644,Красный Балтиец,Cosmetic
95.0,2.0,7.0,8,5.0,0.875,0,0,0,4.564348191467836,Тульская,Designer
150.4,3.0,3.0,7,6.0,0.4285714285714285,0,0,0,5.019925341003349,Новослободская,Designer
30.0,0.0,16.0,58,6.0,0.2758620689655172,0,0,1,3.4339872044851463,Дмитровская,European-style renovation
36.7,1.0,4.0,24,35.0,0.1666666666666666,0,0,0,3.629660094453965,Пятницкое шоссе,Cosmetic
59.0,3.0,1.0,5,26.0,0.2,1,0,0,4.0943445622221,Белокаменная,Cosmetic
131.0,4.0,7.0,9,4.0,0.7777777777777778,0,0,0,4.882801922586371,Ломоносовский проспект,Designer
32.0,1.0,11.0,25,25.0,0.44,0,0,0,3.49650756146648,Коммунарка,European-style renovation
16.8,1.0,1.0,8,7.0,0.125,1,0,0,2.87919845729804,Калитники,Cosmetic
101.0,4.0,2.0,9,5.0,0.2222222222222222,0,0,0,4.624972813284271,Сухаревская,Without renovation
75.0,3.0,8.0,16,13.0,0.5,0,0,0,4.330733340286331,Новоясеневская,European-style renovation
310.9,6.0,2.0,3,10.0,0.6666666666666666,0,0,0,5.742682623613757,Кропоткинская,Designer
60.0,2.0,1.0,14,18.0,0.0714285714285714,1,0,0,4.110873864173311,Новокосино,Designer
53.41,0.0,27.0,39,8.0,0.6923076923076923,0,0,1,3.996547960497834,Аминьевская,Without renovation
55.4,2.0,18.0,27,21.0,0.6666666666666666,0,0,0,4.032469158504013,Саларьево,Cosmetic
23.8,6.0,2.0,28,17.0,0.0714285714285714,0,0,0,3.210843653170937,Серпуховская,Cosmetic
37.8,1.0,10.0,17,28.0,0.5882352941176471,0,0,0,3.658420246629228,Пыхтино,Cosmetic
45.0,2.0,2.0,9,3.0,0.2222222222222222,0,0,0,3.828641396489095,Речной вокзал,European-style renovation
44.4,2.0,1.0,9,15.0,0.1111111111111111,1,0,0,3.8155121050473024,Отрадное,Cosmetic
303.0,6.0,3.0,12,4.0,0.25,0,0,0,5.717027701406222,Ломоносовский проспект,Without renovation
66.0,2.0,22.0,23,4.0,0.9565217391304348,0,0,0,4.204692619390966,Беляево,European-style renovation
57.0,1.0,4.0,8,13.0,0.5,0,0,0,4.060443010546419,Чкаловская,Designer
67.07,1.0,2.0,5,2.0,0.4,0,0,0,4.22053658745986,Площадь Революции,Designer
36.0,2.0,4.0,33,14.0,0.1212121212121212,0,0,0,3.610917912644224,Нижегородская,Cosmetic
61.6,0.0,1.0,8,10.0,0.125,1,0,1,4.136765278106052,Новокузнецкая,Without renovation
214.0,0.0,3.0,5,7.0,0.6,0,0,1,5.3706380281276624,Охотный ряд,Without renovation
129.0,5.0,5.0,8,2.0,0.625,0,0,0,4.867534450455582,Маяковская,Designer
35.1,2.0,9.0,9,20.0,1.0,0,1,0,3.586292865338835,Щелковская,Cosmetic
63.3,3.0,7.0,12,15.0,0.5833333333333334,0,0,0,4.163559631243574,Сетунь,Cosmetic
65.0,3.0,2.0,12,7.0,0.1666666666666666,0,0,0,4.189654742026425,Фонвизинская,Cosmetic
134.0,3.0,19.0,24,17.0,0.7916666666666666,0,0,0,4.90527477843843,Авиамоторная,Without renovation
35.4,1.0,7.0,14,20.0,0.5,0,0,0,3.594568774642695,Аминьевская,Without renovation
59.8,3.0,7.0,9,27.0,0.7777777777777778,0,0,0,4.107589788972121,Щелковская,Cosmetic
82.6,3.0,4.0,15,21.0,0.2666666666666666,0,0,0,4.426043520090656,ЗИЛ,Without renovation
31.5,1.0,15.0,22,24.0,0.6818181818181818,0,0,0,3.481240089335692,Ольховая,Cosmetic
16.8,0.0,2.0,3,27.0,0.6666666666666666,0,0,1,2.87919845729804,Селигерская,European-style renovation
34.5,1.0,16.0,16,15.0,1.0,0,1,0,3.56953269648137,Теплый Стан,Without renovation
38.3,1.0,4.0,18,6.0,0.2222222222222222,0,0,0,3.6712245188752153,Пыхтино,European-style renovation
270.0,5.0,9.0,11,2.0,0.8181818181818182,0,0,0,5.602118820879701,Маяковская,Designer
40.6,1.0,2.0,15,9.0,0.1333333333333333,0,0,0,3.728100167267218,Ольховая,Cosmetic
237.2,3.0,14.0,14,9.0,1.0,0,1,0,5.473110656921199,Спортивная,Designer
57.0,0.0,23.0,25,24.0,0.92,0,0,1,4.060443010546419,Трикотажная,Designer
88.5,4.0,5.0,6,5.0,0.8333333333333334,0,0,0,4.4942386252808095,Сретенский бульвар,European-style renovation
50.4,2.0,1.0,16,8.0,0.0625,1,0,0,3.93963817246112,Чертановская,Designer
38.1,1.0,4.0,23,14.0,0.1739130434782608,0,0,0,3.66612246699132,Раменки,Cosmetic
54.2,2.0,4.0,16,14.0,0.25,0,0,0,4.01096295328305,Белорусская,European-style renovation
199.0,6.0,4.0,13,8.0,0.3076923076923077,0,0,0,5.298317366548036,Новослободская,Without renovation
125.0,4.0,23.0,36,12.0,0.6388888888888888,0,0,0,4.836281906951478,Динамо,European-style renovation
94.1,3.0,4.0,5,10.0,0.8,0,0,0,4.554928969551344,Красные ворота,Designer
77.5,3.0,29.0,41,27.0,0.7073170731707317,0,0,0,4.363098624788363,Лужники,European-style renovation
39.3,1.0,6.0,12,16.0,0.5,0,0,0,3.696351468952637,Улица Старокачаловская,Cosmetic
85.4,2.0,7.0,17,13.0,0.4117647058823529,0,0,0,4.45898767581001,Ленинский проспект,Without renovation
36.1,1.0,3.0,4,37.0,0.75,0,0,0,3.6136169696133895,Бунинская Аллея,European-style renovation
118.0,3.0,4.0,20,17.0,0.2,0,0,0,4.77912349311153,Строгино,Designer
185.6,5.0,4.0,7,5.0,0.5714285714285714,0,0,0,5.228967288413243,Третьяковская,European-style renovation
21.0,0.0,1.0,17,4.0,0.0588235294117647,1,0,1,3.091042453358316,Некрасовка,Cosmetic
100.0,3.0,9.0,37,13.0,0.2432432432432432,0,0,0,4.61512051684126,Шелепиха,Without renovation
65.6,3.0,8.0,12,29.0,0.6666666666666666,0,0,0,4.198704577546343,Покровское,Cosmetic
77.0,3.0,4.0,6,13.0,0.6666666666666666,0,0,0,4.356708826689592,Шелепиха,Designer
99.6,4.0,5.0,9,7.0,0.5555555555555556,0,0,0,4.611152257665639,Достоевская,Cosmetic
56.0,2.0,15.0,16,3.0,0.9375,0,0,0,4.04305126783455,Щелковская,European-style renovation
14.6,0.0,1.0,4,8.0,0.25,1,0,1,2.747270914255491,Чистые пруды,European-style renovation
66.8,3.0,1.0,7,12.0,0.1428571428571428,1,0,0,4.216562194946349,Сокол,European-style renovation
22.9,0.0,21.0,23,9.0,0.9130434782608696,0,0,1,3.173878458937465,Лесопарковая,Designer
74.0,3.0,3.0,5,18.0,0.6,0,0,0,4.31748811353631,Измайловская,European-style renovation
98.6,2.0,7.0,12,5.0,0.5833333333333334,0,0,0,4.601162164590552,Маяковская,European-style renovation
260.0,5.0,21.0,22,20.0,0.9545454545454546,0,0,0,5.564520407322694,Ломоносовский проспект,Without renovation
75.3,3.0,7.0,17,14.0,0.4117647058823529,0,0,0,4.334672938290411,Народное Ополчение,European-style renovation
44.7,1.0,2.0,18,9.0,0.1111111111111111,0,0,0,3.822098297900159,Щелковская,Cosmetic
22.0,0.0,6.0,6,8.0,1.0,0,1,1,3.1354942159291497,Динамо,Without renovation
161.0,4.0,3.0,5,4.0,0.6,0,0,0,5.087596335232384,Кропоткинская,Designer
164.0,4.0,5.0,5,12.0,1.0,0,1,0,5.10594547390058,Курская,European-style renovation
180.0,4.0,18.0,31,16.0,0.5806451612903226,0,0,0,5.198497031265826,Славянский бульвар,Designer
79.0,2.0,2.0,12,23.0,0.1666666666666666,0,0,0,4.382026634673881,Коммунарка,Designer
83.7,4.0,14.0,30,18.0,0.4666666666666667,0,0,0,4.439115601658009,Бунинская Аллея,European-style renovation
19.8,6.0,23.0,23,18.0,1.0,0,1,0,3.0349529867072724,Кантемировская,Cosmetic
36.0,1.0,16.0,17,12.0,0.9411764705882352,0,0,0,3.610917912644224,Щербинка,Cosmetic
68.8,2.0,5.0,11,5.0,0.4545454545454545,0,0,0,4.245634009768327,Панфиловская,European-style renovation
78.6,3.0,11.0,14,6.0,0.7857142857142857,0,0,0,4.377014092850337,Борисово,European-style renovation
20.6,0.0,3.0,21,23.0,0.1428571428571428,0,0,1,3.0726933146901194,Отрадное,European-style renovation
94.2,2.0,7.0,8,25.0,0.875,0,0,0,4.55597994179732,Тульская,European-style renovation
73.0,3.0,8.0,26,13.0,0.3076923076923077,0,0,0,4.30406509320417,Аминьевская,Without renovation
33.8,1.0,2.0,17,37.0,0.1176470588235294,0,0,0,3.5496173867804286,Внуково,European-style renovation
103.2,5.0,2.0,6,3.0,0.3333333333333333,0,0,0,4.646312129319266,Маяковская,Without renovation
61.0,3.0,3.0,8,5.0,0.375,0,0,0,4.127134385045092,Комсомольская,European-style renovation
22.2,6.0,13.0,30,18.0,0.4333333333333333,0,0,0,3.1441522786722644,Бунинская Аллея,Cosmetic
233.0,4.0,4.0,7,10.0,0.5714285714285714,0,0,0,5.455321115357702,Парк культуры,Designer
53.7,3.0,3.0,5,13.0,0.6,0,0,0,4.001863709427935,Динамо,Without renovation
167.0,4.0,4.0,49,13.0,0.0816326530612244,0,0,0,5.123963979403259,Щукинская,Designer
44.4,2.0,1.0,9,25.0,0.1111111111111111,1,0,0,3.8155121050473024,Яхромская,Without renovation
43.0,0.0,6.0,29,4.0,0.2068965517241379,0,0,1,3.784189633918261,Кунцевская,Without renovation
45.0,2.0,3.0,14,6.0,0.2142857142857142,0,0,0,3.828641396489095,Юго-Восточная,Cosmetic
36.1,1.0,12.0,17,13.0,0.7058823529411765,0,0,0,3.6136169696133895,Говорово,Cosmetic
65.0,3.0,22.0,22,28.0,1.0,0,1,0,4.189654742026425,Ростокино,Designer
23.7,0.0,2.0,17,8.0,0.1176470588235294,0,0,1,3.2068032436339315,Некрасовка,Cosmetic
